Campus location Name,Map link,Address
1218 NE Campus Parkway (ELM),"https://maps.google.com/maps?q=47.6566000001,-122.315046&t=k&z=18","47.6566000001,-122.315046"
1429 NE Boat St (OTS),"https://maps.google.com/maps?q=47.650309,-122.312766&t=k&z=18","47.650309,-122.312766"
307 Westlake Ave N (Z01),"https://maps.google.com/maps?q=47.6213710002,-122.338866&t=k&z=18","47.6213710002,-122.338866"
3710 Brooklyn Ave NE (WSG),"https://maps.google.com/maps?q=47.6521629999,-122.314194&t=k&z=18","47.6521629999,-122.314194"
3716 Brooklyn Ave NE (WSP),"https://maps.google.com/maps?q=47.6522699998,-122.314194&t=k&z=18","47.6522699998,-122.314194"
3930 Brooklyn Avenue N.E. (IC2),"https://maps.google.com/maps?q=47.6549990002,-122.314227&t=k&z=18","47.6549990002,-122.314227"
3939 University Way NE (EIC),"https://maps.google.com/maps?q=47.6548930001,-122.313624&t=k&z=18","47.6548930001,-122.313624"
3941 University Way NE (DSC),"https://maps.google.com/maps?q=47.6550529998,-122.313602&t=k&z=18","47.6550529998,-122.313602"
3947 University Way NE (SGS),"https://maps.google.com/maps?q=47.6552310001,-122.31359&t=k&z=18","47.6552310001,-122.31359"
4225 Roosevelt Way N.E. (Roosevelt I) (OTT),"https://maps.google.com/maps?q=47.658285,-122.318168&t=k&z=18","47.658285,-122.318168"
4245 Roosevelt Way N.E. (Roosevelt II) (QUC),"https://maps.google.com/maps?q=47.658843,-122.318222&t=k&z=18","47.658843,-122.318222"
4518-4522 University Way NE (AAB),"https://maps.google.com/maps?q=47.6618549998,-122.31279&t=k&z=18","47.6618549998,-122.31279"
4545 Building (ADS),"https://maps.google.com/maps?q=47.6618390001,-122.312315&t=k&z=18","47.6618390001,-122.312315"
"45th Street Plaza Building, 1100 NE 45th St (L039)","https://maps.google.com/maps?q=47.661543,-122.316229&t=k&z=18","47.661543,-122.316229"
668 NE Northlake Way (Environmental Hlth Dept) (EHD),"https://maps.google.com/maps?q=47.654766,-122.321073&t=k&z=18","47.654766,-122.321073"
Aerodynamics Laboratory (ADL),"https://maps.google.com/maps?q=47.6541919999,-122.305435&t=k&z=18","47.6541919999,-122.305435"
Aerospace and Engineering Research Building (AER),"https://maps.google.com/maps?q=47.6539520001,-122.305808&t=k&z=18","47.6539520001,-122.305808"
Alder Hall (ALD),"https://maps.google.com/maps?q=47.6556570002,-122.313866&t=k&z=18","47.6556570002,-122.313866"
Allen Library (ALB),"https://maps.google.com/maps?q=47.6555730001,-122.30705&t=k&z=18","47.6555730001,-122.30705"
Alumni House (AHO),"https://maps.google.com/maps?q=47.6610774289,-122.3123392041&t=k&z=18","47.6610774289,-122.3123392041"
Anderson Hall (AND),https://map.uw.edu/?id=2099#!m/973251?share,"47.6517550001,-122.30757"
Arboretum Buildings (ARB),"https://maps.google.com/maps?q=47.63961,-122.294633&t=k&z=18","47.63961,-122.294633"
Architecture Hall (ARC),"https://maps.google.com/maps?q=47.6545609998,-122.310904&t=k&z=18","47.6545609998,-122.310904"
Art Building (ART),"https://maps.google.com/maps?q=47.658392,-122.306461&t=k&z=18","47.658392,-122.306461"
Atmospheric Sciences-Geophysics Building (ATG),"https://maps.google.com/maps?q=47.6539650003,-122.309372&t=k&z=18","47.6539650003,-122.309372"
Bagley Hall (BAG),"https://maps.google.com/maps?q=47.6534420002,-122.308836&t=k&z=18","47.6534420002,-122.308836"
Bank of America Executive Education Center (EXED),"https://maps.google.com/maps?q=47.6595219999,-122.307727&t=k&z=18","47.6595219999,-122.307727"
Benaroya Research Institute (BRI),"http://maps.google.com/maps?q=47.60952,-122.328384","47.60952,-122.328384"
Benjamin Hall Interdisciplinary Research Building (RTB),"https://maps.google.com/maps?q=47.6551450001,-122.321252&t=k&z=18","47.6551450001,-122.321252"
Benson Hall (BNS),"https://maps.google.com/maps?q=47.6529959997,-122.309525&t=k&z=18","47.6529959997,-122.309525"
Bill & Melinda Gates Center for Computer Science & Engineering (CSE2),"https://maps.google.com/maps?q=47.652919,-122.304545&t=k&z=18","47.652919,-122.304545"
Bloedel Hall (BLD),"https://maps.google.com/maps?q=47.6512549999,-122.307699&t=k&z=18","47.6512549999,-122.307699"
"Bowman Building, 4625 Union Bay Place NE (BOW)","https://maps.google.com/maps?q=47.6627829997,-122.29533&t=k&z=18","47.6627829997,-122.29533"
Brooklyn Trail Building (SSB),"https://maps.google.com/maps?q=47.6546789998,-122.31476&t=k&z=18","47.6546789998,-122.31476"
Burke Memorial-Washington State Museum (BRK),"https://maps.google.com/maps?q=47.660402,-122.311561&t=k&z=18","47.660402,-122.311561"
Center for Urban Horticulture Complex (CUH),"https://maps.google.com/maps?q=47.657901,-122.290213&t=k&z=18","47.657901,-122.290213"
Central Plaza (LNDMK-2),https://map.uw.edu/?id=2099#!m/975092?s/,"47.655845040828,-122.30954906746"
Ceramic and Metal Arts Building (CMA),"https://maps.google.com/maps?q=47.6600030001,-122.292181&t=k&z=18","47.6600030001,-122.292181"
Chemistry Building (CHB),"https://maps.google.com/maps?q=47.6528929999,-122.308322&t=k&z=18","47.6528929999,-122.308322"
Chemistry Library Building (CHL),"https://maps.google.com/maps?q=47.6537670003,-122.310013&t=k&z=18","47.6537670003,-122.310013"
Child Care Center (CCC),"https://maps.google.com/maps?q=47.6550310003,-122.315344&t=k&z=18","47.6550310003,-122.315344"
Clark Hall (CLK),"https://maps.google.com/maps?q=47.6576250001,-122.304865&t=k&z=18","47.6576250001,-122.304865"
Collegiana (COL),"https://maps.google.com/maps?q=47.6602409997,-122.315799&t=k&z=18","47.6602409997,-122.315799"
Columns and Sylvan Theater (LNDMK-4),https://map.uw.edu/?id=2099#!m/975441?s/,"47.652845634837,-122.30630311905"
Commodore-Duchess Apartments (CDA),"https://maps.google.com/maps?q=47.6556100003,-122.312445&t=k&z=18","47.6556100003,-122.312445"
Communications Building (CMU),"https://maps.google.com/maps?q=47.6569749998,-122.3054&t=k&z=18","47.6569749998,-122.3054"
Condon Hall (CDH),"https://maps.google.com/maps?q=47.656621,-122.316084&t=k&z=18","47.656621,-122.316084"
Conibear Shellhouse (CSH),"https://maps.google.com/maps?q=47.6529019999,-122.299754&t=k&z=18","47.6529019999,-122.299754"
Corporation Yard Buildings (CYB),"https://maps.google.com/maps?q=47.658649,-122.293738&t=k&z=18","47.658649,-122.293738"
Cunningham Hall (ICH),"https://maps.google.com/maps?q=47.6572149997,-122.311059&t=k&z=18","47.6572149997,-122.311059"
David C. Hall Building (HLL),"https://maps.google.com/maps?q=47.656142,-122.304105&t=k&z=18","47.656142,-122.304105"
Dempsey Hall (DEM),"https://maps.google.com/maps?q=47.659153,-122.307637&t=k&z=18","47.659153,-122.307637"
Dempsey Indoor Center (IPF),"https://maps.google.com/maps?q=47.6514990001,-122.299324&t=k&z=18","47.6514990001,-122.299324"
Denny Hall (DEN),"https://maps.google.com/maps?q=47.6584230003,-122.308888&t=k&z=18","47.6584230003,-122.308888"
Department of Biology Greenhouse,https://maps.app.goo.gl/tAnue58UdDE3x6hE6,"47.6520192,-122.3118936"
Douglas Research Conservatory (DRC),"https://maps.google.com/maps?q=47.6577110002,-122.288971&t=k&z=18","47.6577110002,-122.288971"
Drumheller Fountain (X10),"https://maps.google.com/maps?q=47.653802,-122.307812&t=k&z=18","47.653802,-122.307812"
Eagleson Hall (EGL),"https://maps.google.com/maps?q=47.6581090001,-122.31242&t=k&z=18","47.6581090001,-122.31242"
Eastside Executive Center - Foster School of Business,"https://maps.google.com/?q=10220+NE+Points+Dr,+Kirkland,+WA+98033","10220 NE Points Drive, Suite 100,Kirkland, WA 98033"
Electrical and Computer Engineering Building (ECE),"https://maps.google.com/maps?q=47.6535600003,-122.306255&t=k&z=18","47.6535600003,-122.306255"
Elisabeth C. Miller Library (EMLB),https://maps.app.goo.gl/idQ5ya77wSv6zpKE9,"47.658114,-122.2932935"
Elm Hall (ELM),"https://maps.google.com/maps?q=47.6566000001,-122.315046&t=k&z=18","47.6566000001,-122.315046"
Engineering Annex (EGA),"https://maps.google.com/maps?q=47.6536389999,-122.304319&t=k&z=18","47.6536389999,-122.304319"
Engineering Library (ELB),"https://maps.google.com/maps?q=47.6546449997,-122.3045&t=k&z=18","47.6546449997,-122.3045"
Environmental Safety Office Building (ESO),"https://maps.google.com/maps?q=47.6588609997,-122.293902&t=k&z=18","47.6588609997,-122.293902"
Environmental Safety Storage Building (ESB),"https://maps.google.com/maps?q=47.6596329998,-122.293123&t=k&z=18","47.6596329998,-122.293123"
Ethnic Cultural Center Theatre (ICT),"https://maps.google.com/maps?q=47.6551640002,-122.314099&t=k&z=18","47.6551640002,-122.314099"
Faye G. Allen Center for the Visual Arts (AVA),"https://maps.google.com/maps?q=47.656102,-122.31168&t=k&z=18","47.656102,-122.31168"
Fialkow Biomedical Sciences Research Pavilion (K wing) (HSK),"https://maps.google.com/maps?q=47.6513369997,-122.311921&t=k&z=18","47.6513369997,-122.311921"
Fisheries Teaching and Research Building (FTR),"https://maps.google.com/maps?q=47.6525509999,-122.31557&t=k&z=18","47.6525509999,-122.31557"
Fishery Sciences (FSH),"https://maps.google.com/maps?q=47.6531699999,-122.316242&t=k&z=18","47.6531699999,-122.316242"
Floyd and Delores Jones Playhouse (PHT),"https://maps.google.com/maps?q=47.6566419999,-122.313582&t=k&z=18","47.6566419999,-122.313582"
Fluke Hall (FLK),"https://maps.google.com/maps?q=47.6558239997,-122.303223&t=k&z=18","47.6558239997,-122.303223"
Founders Hall (FNDR),"https://maps.google.com/maps?q=47.658824,-122.307168&t=k&z=18","47.658824,-122.307168"
Gatehouse 1 - Central Parking Garage (GH1),"https://maps.google.com/maps?q=47.6568315288,-122.311603034&t=k&z=18","47.6568315288,-122.311603034"
Gatehouse 2 - Memorial Way (GH2),"https://maps.google.com/maps?q=47.6602360003,-122.309638&t=k&z=18","47.6602360003,-122.309638"
Gatehouse 3 - Pend Oreille (GH3),"https://maps.google.com/maps?q=47.6584009997,-122.302604&t=k&z=18","47.6584009997,-122.302604"
Gatehouse 5 - NE 40th/West Stevens (GH5),"https://maps.google.com/maps?q=47.6553109999,-122.311603&t=k&z=18","47.6553109999,-122.311603"
Gatehouse 6 - 15th NE (GH6),"https://maps.google.com/maps?q=47.6507099997,-122.311617&t=k&z=18","47.6507099997,-122.311617"
Gatehouse 7 - Columbia Road (GH7),"https://maps.google.com/maps?q=47.6485219997,-122.306595&t=k&z=18","47.6485219997,-122.306595"
George Washington Statue (LNDMK-5),https://map.uw.edu/?id=2099#!m/973418?s/,"47.65612,-122.311091"
Gerberding Hall (GRB),"https://maps.google.com/maps?q=47.6553400003,-122.309429&t=k&z=18","47.6553400003,-122.309429"
Glenn Hughes Penthouse Theatre (HPT),"https://maps.google.com/maps?q=47.6607109998,-122.308105&t=k&z=18","47.6607109998,-122.308105"
Golf Driving Range Building (GDR),"https://maps.google.com/maps?q=47.658718,-122.297276&t=k&z=18","47.658718,-122.297276"
Gould Hall (GLD),"https://maps.google.com/maps?q=47.6549430001,-122.31271&t=k&z=18","47.6549430001,-122.31271"
Gowen Hall (GWN),"https://maps.google.com/maps?q=47.6563719998,-122.307748&t=k&z=18","47.6563719998,-122.307748"
Graves Annex Building (GAB),"https://maps.google.com/maps?q=47.652327,-122.300958&t=k&z=18","47.652327,-122.300958"
Graves Hall (TGB),"https://maps.google.com/maps?q=47.6530500002,-122.302276&t=k&z=18","47.6530500002,-122.302276"
Guggenheim Annex (GUA),"https://maps.google.com/maps?q=47.6545930001,-122.306423&t=k&z=18","47.6545930001,-122.306423"
Guggenheim Hall (GUG),"https://maps.google.com/maps?q=47.6542700002,-122.306322&t=k&z=18","47.6542700002,-122.306322"
Guthrie Hall (GTH),"https://maps.google.com/maps?q=47.6539670002,-122.310901&t=k&z=18","47.6539670002,-122.310901"
Hans Rosling Center for Population Health (HRC),"https://maps.google.com/maps?q=47.6546390001,-122.311643&t=k&z=18","47.6546390001,-122.311643"
Hansee Hall (HNS),"https://maps.google.com/maps?q=47.660818,-122.306524&t=k&z=18","47.660818,-122.306524"
Harborview Medical Center (HRVW),"http://maps.google.com/maps?q=47.603722,-122.32296","47.603722,-122.32296"
"Haring Center, EEU School (CHSC)","https://maps.google.com/maps?q=47.6481480002,-122.307517&t=k&z=18","47.6481480002,-122.307517"
Harris Hydraulics Laboratory (HHL),"https://maps.google.com/maps?q=47.6499840001,-122.311461&t=k&z=18","47.6499840001,-122.311461"
Health Sciences Education Building (HSEB),"https://maps.google.com/maps?q=47.6516359999,-122.310452&t=k&z=18","47.6516359999,-122.310452"
Hec Edmundson Pavilion (EDP),"https://maps.google.com/maps?q=47.6520810002,-122.301972&t=k&z=18","47.6520810002,-122.301972"
Henderson Hall (HND),"https://maps.google.com/maps?q=47.6551699997,-122.316929&t=k&z=18","47.6551699997,-122.316929"
Henry Art Gallery (HAG),"https://maps.google.com/maps?q=47.6565289999,-122.311726&t=k&z=18","47.6565289999,-122.311726"
Hitchcock Hall (HCK),"https://maps.google.com/maps?q=47.6518910002,-122.311564&t=k&z=18","47.6518910002,-122.311564"
Husky Ballpark (X244),"https://maps.google.com/maps?q=47.654772,-122.298774&t=k&z=18","47.654772,-122.298774"
Husky Softball Stadium (SBS),"https://maps.google.com/maps?q=47.6506849998,-122.300012&t=k&z=18","47.6506849998,-122.300012"
Hutchinson Hall (HUT),"https://maps.google.com/maps?q=47.6595909999,-122.306627&t=k&z=18","47.6595909999,-122.306627"
IMA Sports Field #1,"http://maps.google.com/maps?q=47.660101425544,-122.29540846153","47.660101425544,-122.29540846153"
IMA Sports Field #2,"http://maps.google.com/maps?q=47.657066348,-122.2980477552","47.657066348,-122.2980477552"
IMA Sports Field #3,"http://maps.google.com/maps?q=47.654710428096,-122.30059585377","47.654710428096,-122.30059585377"
Institute on Human Development and Disability Clinic (CHCL),"https://maps.google.com/maps?q=47.648471,-122.308273&t=k&z=18","47.648471,-122.308273"
Institute on Human Development and Disability South (CHSB),"https://maps.google.com/maps?q=47.6481260001,-122.308669&t=k&z=18","47.6481260001,-122.308669"
Instructional Center Annex (IC2),"https://maps.google.com/maps?q=47.6549990002,-122.314227&t=k&z=18","47.6549990002,-122.314227"
Intellectual House (INT),"https://maps.google.com/maps?q=47.658296,-122.304797&t=k&z=18","47.658296,-122.304797"
Interdisciplinary Engineering Building (IEB),"https://maps.google.com/maps?q=47.6546955881,-122.3039581656&t=k&z=18","47.6546955881,-122.3039581656"
Intramural Activities Building (IMA),"https://maps.google.com/maps?q=47.653611,-122.30133&t=k&z=18","47.653611,-122.30133"
Intramural Sports Fields (X249),"https://maps.google.com/maps?q=47.660278,-122.2945&t=k&z=18","47.660278,-122.2945"
Isaacson Hall (ISA),"https://maps.google.com/maps?q=47.6578889999,-122.289906&t=k&z=18","47.6578889999,-122.289906"
John M. Wallace Hall (ACC),"https://maps.google.com/maps?q=47.6530029998,-122.314905&t=k&z=18","47.6530029998,-122.314905"
Johnson Hall (JHN),"https://maps.google.com/maps?q=47.6546030001,-122.308889&t=k&z=18","47.6546030001,-122.308889"
Kane Hall (KNE),"https://maps.google.com/maps?q=47.656561,-122.309239&t=k&z=18","47.656561,-122.309239"
Kincaid Hall (KIN),"https://maps.google.com/maps?q=47.6526550001,-122.310597&t=k&z=18","47.6526550001,-122.310597"
Kirsten Wind Tunnel (KIR),"https://maps.google.com/maps?q=47.6544200001,-122.305832&t=k&z=18","47.6544200001,-122.305832"
Lander Hall (LAN),"https://maps.google.com/maps?q=47.6557210001,-122.315019&t=k&z=18","47.6557210001,-122.315019"
Lewis Hall (LEW),"https://maps.google.com/maps?q=47.658855,-122.305343&t=k&z=18","47.658855,-122.305343"
Life Sciences Building (LSB),"https://maps.google.com/maps?q=47.6524010001,-122.31001&t=k&z=18","47.6524010001,-122.31001"
Loew Hall (LOW),"https://maps.google.com/maps?q=47.6542750002,-122.304498&t=k&z=18","47.6542750002,-122.304498"
Magnuson Health Sciences Center A (HSA),"https://maps.google.com/maps?q=47.6501580001,-122.308168&t=k&z=18","47.6501580001,-122.308168"
Magnuson Health Sciences Center AA (HSAA),"https://maps.google.com/maps?q=47.649701,-122.30844&t=k&z=18","47.649701,-122.30844"
Magnuson Health Sciences Center B (HSB),"https://maps.google.com/maps?q=47.6497479998,-122.308866&t=k&z=18","47.6497479998,-122.308866"
Magnuson Health Sciences Center BB (HSBB),"https://maps.google.com/maps?q=47.6496650002,-122.30777&t=k&z=18","47.6496650002,-122.30777"
Magnuson Health Sciences Center C (HSC),"https://maps.google.com/maps?q=47.6501799999,-122.308659&t=k&z=18","47.6501799999,-122.308659"
Magnuson Health Sciences Center D (HSD),"https://maps.google.com/maps?q=47.6501450001,-122.309264&t=k&z=18","47.6501450001,-122.309264"
Magnuson Health Sciences Center E (HSE),"https://maps.google.com/maps?q=47.6505129998,-122.309345&t=k&z=18","47.6505129998,-122.309345"
Magnuson Health Sciences Center F (HSF),"https://maps.google.com/maps?q=47.6505,-122.309834&t=k&z=18","47.6505,-122.309834"
Magnuson Health Sciences Center G (HSG),"https://maps.google.com/maps?q=47.6508219999,-122.30997&t=k&z=18","47.6508219999,-122.30997"
Magnuson Health Sciences Center H (HSH),"https://maps.google.com/maps?q=47.6507549998,-122.310499&t=k&z=18","47.6507549998,-122.310499"
Magnuson Health Sciences Center I (HSI),"https://maps.google.com/maps?q=47.6511819997,-122.310695&t=k&z=18","47.6511819997,-122.310695"
Magnuson Health Sciences Center J (HSJ),"https://maps.google.com/maps?q=47.6513979998,-122.31122&t=k&z=18","47.6513979998,-122.31122"
Magnuson Health Sciences Center RR (HSRR),"https://maps.google.com/maps?q=47.649403,-122.3083&t=k&z=18","47.649403,-122.3083"
Magnuson Health Sciences Center T (HST),"https://maps.google.com/maps?q=47.6508959997,-122.309108&t=k&z=18","47.6508959997,-122.309108"
Maple Hall (MAH),"https://maps.google.com/maps?q=47.6557569999,-122.316049&t=k&z=18","47.6557569999,-122.316049"
Marine Sciences Building (MSB),"https://maps.google.com/maps?q=47.6498849999,-122.312928&t=k&z=18","47.6498849999,-122.312928"
Marine Studies Building (MAR),"https://maps.google.com/maps?q=47.6524779997,-122.31494&t=k&z=18","47.6524779997,-122.31494"
Marvin Oliver Hall (WLW),"https://maps.google.com/maps?q=47.6599320003,-122.304331&t=k&z=18","47.6599320003,-122.304331"
Mary Gates Hall (MGH),"https://maps.google.com/maps?q=47.6548289998,-122.307751&t=k&z=18","47.6548289998,-122.307751"
McCarty Hall (MCC),"https://maps.google.com/maps?q=47.6606009999,-122.304953&t=k&z=18","47.6606009999,-122.304953"
McMahon Hall (MCM),"https://maps.google.com/maps?q=47.6581880001,-122.303669&t=k&z=18","47.6581880001,-122.303669"
Meany Hall (MNY),"https://maps.google.com/maps?q=47.6555489997,-122.31054&t=k&z=18","47.6555489997,-122.31054"
Mechanical Engineering Building (MEB),"https://maps.google.com/maps?q=47.6536929997,-122.304747&t=k&z=18","47.6536929997,-122.304747"
Medal of Honor Memorial (LNDMK-6),https://map.uw.edu/?id=2099#!m/975446?s/,"47.657334,-122.309675"
Merrill Hall (NMH),"https://maps.google.com/maps?q=47.657873,-122.290522&t=k&z=18","47.657873,-122.290522"
Miller Hall (MLR),"https://maps.google.com/maps?q=47.657207,-122.306328&t=k&z=18","47.657207,-122.306328"
Molecular Engineering & Sciences Building (MOL),"https://maps.google.com/maps?q=47.6544037572,-122.3096391046&t=k&z=18","47.6544037572,-122.3096391046"
More Hall (MOR),"https://maps.google.com/maps?q=47.6524889998,-122.304856&t=k&z=18","47.6524889998,-122.304856"
Mueller Hall (MUE),"https://maps.google.com/maps?q=47.652232,-122.305364&t=k&z=18","47.652232,-122.305364"
Music Building (MUS),"https://maps.google.com/maps?q=47.6576670003,-122.305784&t=k&z=18","47.6576670003,-122.305784"
Nanoengineering & Sciences Building (NAN),"https://maps.google.com/maps?q=47.6546809997,-122.30985&t=k&z=18","47.6546809997,-122.30985"
Nordstrom Tennis Center (NTC),"https://maps.google.com/maps?q=47.651859,-122.300039&t=k&z=18","47.651859,-122.300039"
North Physics Laboratory Cyclotron Building (NPC),"https://maps.google.com/maps?q=47.6596639999,-122.303049&t=k&z=18","47.6596639999,-122.303049"
North Physics Laboratory Cyclotron Shop (NPS),"https://maps.google.com/maps?q=47.6591069997,-122.302907&t=k&z=18","47.6591069997,-122.302907"
North Physics Laboratory Van de Graaff Accelerator (NPV),"https://maps.google.com/maps?q=47.6599940001,-122.302852&t=k&z=18","47.6599940001,-122.302852"
Northlake Building (NLB),"https://maps.google.com/maps?q=47.6550319999,-122.319025&t=k&z=18","47.6550319999,-122.319025"
Northwest Horticultural Society Hall (NHS),"https://maps.google.com/maps?q=47.6580639997,-122.290154&t=k&z=18","47.6580639997,-122.290154"
Oak Hall (OAK),"https://maps.google.com/maps?q=47.6593390001,-122.305577&t=k&z=18","47.6593390001,-122.305577"
Ocean Research Building 2 (OR2),"https://maps.google.com/maps?q=47.6524080003,-122.314221&t=k&z=18","47.6524080003,-122.314221"
Ocean Sciences Building (OCN),"https://maps.google.com/maps?q=47.651296,-122.312693&t=k&z=18","47.651296,-122.312693"
Oceanography Building (OCE),"https://maps.google.com/maps?q=47.6491199997,-122.310612&t=k&z=18","47.6491199997,-122.310612"
Oceanography Dock Building (ODB),"https://maps.google.com/maps?q=47.6488129999,-122.311021&t=k&z=18","47.6488129999,-122.311021"
Oceanography Storage Shed (OSS),"https://maps.google.com/maps?q=47.6486789998,-122.310449&t=k&z=18","47.6486789998,-122.310449"
Oceanography Teaching Building (OTB),"https://maps.google.com/maps?q=47.6502589998,-122.312302&t=k&z=18","47.6502589998,-122.312302"
Odegaard Library (OUG),"https://maps.google.com/maps?q=47.656453,-122.31044&t=k&z=18","47.656453,-122.31044"
PACCAR Hall (PCAR),"https://maps.google.com/maps?q=47.6591212366,-122.3086450466&t=k&z=18","47.6591212366,-122.3086450466"
Padelford Hall (PDL),"https://maps.google.com/maps?q=47.656998,-122.304243&t=k&z=18","47.656998,-122.304243"
Parrington Hall (PAR),"https://maps.google.com/maps?q=47.65744,-122.31032&t=k&z=18","47.65744,-122.31032"
Paul G. Allen Center for Computer Science & Engineering (CSE),"https://maps.google.com/maps?q=47.6532409998,-122.305803&t=k&z=18","47.6532409998,-122.305803"
Physics-Astronomy Auditorium (PAA),"https://maps.google.com/maps?q=47.6529559999,-122.310979&t=k&z=18","47.6529559999,-122.310979"
Physics-Astronomy Building (PAB),"https://maps.google.com/maps?q=47.6536230001,-122.311302&t=k&z=18","47.6536230001,-122.311302"
Physics-Astronomy Tower (PAT),"https://maps.google.com/maps?q=47.6533519998,-122.311778&t=k&z=18","47.6533519998,-122.311778"
Plant Operations Annex 2 (PO2),"https://maps.google.com/maps?q=47.6544819998,-122.303245&t=k&z=18","47.6544819998,-122.303245"
Plant Operations Annex 3 (PO3),"https://maps.google.com/maps?q=47.654667,-122.303231&t=k&z=18","47.654667,-122.303231"
Plant Operations Annex 4 (PO4),"https://maps.google.com/maps?q=47.6547300003,-122.303565&t=k&z=18","47.6547300003,-122.303565"
Plant Operations Annex 5 (PO5),"https://maps.google.com/maps?q=47.654919,-122.303229&t=k&z=18","47.654919,-122.303229"
Plant Operations Annex 6 (PO6),"https://maps.google.com/maps?q=47.654435,-122.303355&t=k&z=18","47.654435,-122.303355"
Plant Operations Building (POB),"https://maps.google.com/maps?q=47.6538770001,-122.303424&t=k&z=18","47.6538770001,-122.303424"
Plant Services Building (PSB),"https://maps.google.com/maps?q=47.6620610001,-122.301557&t=k&z=18","47.6620610001,-122.301557"
Portage Bay Building (PBB),"https://maps.google.com/maps?q=47.6487449999,-122.309504&t=k&z=18","47.6487449999,-122.309504"
Power Plant (PWR),"https://maps.google.com/maps?q=47.653649,-122.303735&t=k&z=18","47.653649,-122.303735"
Publications Services Building (PSV),"https://maps.google.com/maps?q=47.6552910002,-122.320391&t=k&z=18","47.6552910002,-122.320391"
Purchasing and Accounting Building (PCH),https://maps.app.goo.gl/B3k5w3TREGGqxYKSA,"47.6544016,-122.3136718"
Rainier Vista (LNDMK-3),https://map.uw.edu/?id=2099#!m/973423?s/,"47.655224,-122.30871"
Raitt Hall (RAI),"https://maps.google.com/maps?q=47.6579190003,-122.307252&t=k&z=18","47.6579190003,-122.307252"
Red Square (LNDMK-2),https://map.uw.edu/?id=2099#!m/975092?s/,"47.6561418,-122.3108437"
"Republican Building, 501 Eastlake Ave E (L026)","https://maps.google.com/maps?q=47.6235139998,-122.329467&t=k&z=18","47.6235139998,-122.329467"
Roberts Annex (RAX),"https://maps.google.com/maps?q=47.6521430002,-122.304298&t=k&z=18","47.6521430002,-122.304298"
Roberts Hall (ROB),"https://maps.google.com/maps?q=47.6520349998,-122.305068&t=k&z=18","47.6520349998,-122.305068"
"Roosevelt Commons East, 4311 11th Ave NE (RCE)","https://maps.google.com/maps?q=47.6603930002,-122.316917&t=k&z=18","47.6603930002,-122.316917"
"Roosevelt I, 4225 Roosevelt Way NE (OTT)","https://maps.google.com/maps?q=47.658285,-122.318168&t=k&z=18","47.658285,-122.318168"
Roosevelt II (QUC),"https://maps.google.com/maps?q=47.658843,-122.318222&t=k&z=18","47.658843,-122.318222"
Samuel E. Kelly Ethnic Cultural Center (ECC),"https://maps.google.com/maps?q=47.655198,-122.314799&t=k&z=18","47.655198,-122.314799"
Savery Hall (SAV),"https://maps.google.com/maps?q=47.6571279998,-122.308357&t=k&z=18","47.6571279998,-122.308357"
Schmitz Hall (SMZ),"https://maps.google.com/maps?q=47.6565730002,-122.312665&t=k&z=18","47.6565730002,-122.312665"
Seattle Children's Research Institute: Jack R. MacDonald Building (SCMD),"http://maps.google.com/maps?q=47.615421,-122.334244","47.615421,-122.334244"
Seattle Children's Research Institute: West 8th (SCW8),"https://maps.google.com/maps?q=47.6157990002,-122.337257&t=k&z=18","47.6157990002,-122.337257"
Shellhouse Annex (SHA),"https://maps.google.com/maps?q=47.6525419999,-122.299265&t=k&z=18","47.6525419999,-122.299265"
Sieg Building (SIG),"https://maps.google.com/maps?q=47.6548889997,-122.306479&t=k&z=18","47.6548889997,-122.306479"
Smith Hall (SMI),"https://maps.google.com/maps?q=47.6566599998,-122.307147&t=k&z=18","47.6566599998,-122.307147"
Social Work/Speech and Hearing Sciences Building (SWS),"https://maps.google.com/maps?q=47.6574589998,-122.312416&t=k&z=18","47.6574589998,-122.312416"
South Campus Center (SOCC),"https://maps.google.com/maps?q=47.649479,-122.310853&t=k&z=18","47.649479,-122.310853"
South Lake Union C Building (Admin) (SLC),"https://maps.google.com/maps?q=47.6235956024,-122.3400732038&t=k&z=18","47.6235956024,-122.3400732038"
South Lake Union D Building (Brotman) (BFB),"https://maps.google.com/maps?q=47.624136,-122.340278&t=k&z=18","47.624136,-122.340278"
South Lake Union E Building (SL31),"https://maps.google.com/maps?q=47.6237450001,-122.341465&t=k&z=18","47.6237450001,-122.341465"
South Lake Union F Building (SL32),"https://maps.google.com/maps?q=47.6236649999,-122.341933&t=k&z=18","47.6236649999,-122.341933"
South Lake Union N Building (North) (SLB),"https://maps.google.com/maps?q=47.6241636972,-122.3407720629&t=k&z=18","47.6241636972,-122.3407720629"
South Lake Union S Building (South) (SLA),"https://maps.google.com/maps?q=47.6235698508,-122.3406864066&t=k&z=18","47.6235698508,-122.3406864066"
Southwest Maintenance Building (URC),"https://maps.google.com/maps?q=47.6547539999,-122.31525&t=k&z=18","47.6547539999,-122.31525"
Stadium (STD),"https://maps.google.com/maps?q=47.649526,-122.301947&t=k&z=18","47.649526,-122.301947"
Stevens Court A (SCA),"https://maps.google.com/maps?q=47.6542650002,-122.315429&t=k&z=18","47.6542650002,-122.315429"
Stevens Court B (SCB),"https://maps.google.com/maps?q=47.6541319998,-122.31493&t=k&z=18","47.6541319998,-122.31493"
Stevens Court C (SCC),"https://maps.google.com/maps?q=47.6538299998,-122.315102&t=k&z=18","47.6538299998,-122.315102"
Stevens Court D (SCD),"https://maps.google.com/maps?q=47.6538639999,-122.315947&t=k&z=18","47.6538639999,-122.315947"
Stevens Court J (SCJ),"https://maps.google.com/maps?q=47.6538240001,-122.316462&t=k&z=18","47.6538240001,-122.316462"
Stevens Court K (SCK),"https://maps.google.com/maps?q=47.6542030002,-122.316629&t=k&z=18","47.6542030002,-122.316629"
Stevens Court L (SCL),"https://maps.google.com/maps?q=47.6544969997,-122.316197&t=k&z=18","47.6544969997,-122.316197"
Stevens Court M (SCM),"https://maps.google.com/maps?q=47.6541630001,-122.316073&t=k&z=18","47.6541630001,-122.316073"
Student Union Building (HUB),"https://maps.google.com/maps?q=47.6553180002,-122.305169&t=k&z=18","47.6553180002,-122.305169"
Suzzallo Library (SUZ),"https://maps.google.com/maps?q=47.6557619998,-122.308118&t=k&z=18","47.6557619998,-122.308118"
Terry Hall (TEH),"https://maps.google.com/maps?q=47.655701,-122.317016&t=k&z=18","47.655701,-122.317016"
Thaddeus and Lois Spratlen Hall (MDR),"https://maps.google.com/maps?q=47.6601320001,-122.305391&t=k&z=18","47.6601320001,-122.305391"
The Liberal Arts Quadrangle – The Quad (LNDMK-1),https://map.uw.edu/?id=2099#!m/975450?s/,"47.65725,-122.30724"
Theodor Jacobsen Observatory (OBS),"https://maps.google.com/maps?q=47.6603409997,-122.309287&t=k&z=18","47.6603409997,-122.309287"
Thomson Hall (THO),"https://maps.google.com/maps?q=47.6565550002,-122.305822&t=k&z=18","47.6565550002,-122.305822"
Transportation Services Building (TSB),"https://maps.google.com/maps?q=47.656433,-122.313677&t=k&z=18","47.656433,-122.313677"
Union Bay Natural Area,"http://maps.google.com/maps?q=47.655400441047,-122.29302050787","47.655400441047,-122.29302050787"
University Book Store (BOOK),https://maps.app.goo.gl/g6VHiQio6cVPLW7M9,"47.6607034,-122.3134294"
"University District Building, 1107 NE 45th Street (UDB)","https://maps.google.com/maps?q=47.6609350001,-122.316259&t=k&z=18","47.6609350001,-122.316259"
University of Washington Club (Faculty Center) (FAC),"https://maps.google.com/maps?q=47.655617,-122.304032&t=k&z=18","47.655617,-122.304032"
Urban Horticulture Field House (UHF),"https://maps.google.com/maps?q=47.6567050002,-122.28874&t=k&z=18","47.6567050002,-122.28874"
UW Arts Ticket Office,https://maps.app.goo.gl/VrTUv1PDoMkLSqVEA,"47.6567595,-122.3140627"
UW Medical Center,"http://maps.google.com/maps?q=47.648743,-122.306137","47.648743,-122.306137"
"UW Medical Center - Montlake, Surgery and Treatment Pavilion (UMSP)","https://maps.google.com/maps?q=47.6485610002,-122.30521&t=k&z=18","47.6485610002,-122.30521"
"UW Medical Center - Montlake, Wing CC (UMCC)","https://maps.google.com/maps?q=47.6494110002,-122.307336&t=k&z=18","47.6494110002,-122.307336"
"UW Medical Center - Montlake, Wing EA (UMEA)","https://maps.google.com/maps?q=47.6485929999,-122.306765&t=k&z=18","47.6485929999,-122.306765"
"UW Medical Center - Montlake, Wing EB (UMEB)","https://maps.google.com/maps?q=47.6490669998,-122.306078&t=k&z=18","47.6490669998,-122.306078"
"UW Medical Center - Montlake, Wing EC (UMEC)","https://maps.google.com/maps?q=47.6489430001,-122.306355&t=k&z=18","47.6489430001,-122.306355"
"UW Medical Center - Montlake, Wing EE (UMEE)","https://maps.google.com/maps?q=47.6492830001,-122.307024&t=k&z=18","47.6492830001,-122.307024"
"UW Medical Center - Montlake, Wing NE (UMNE)","https://maps.google.com/maps?q=47.6492530002,-122.306322&t=k&z=18","47.6492530002,-122.306322"
"UW Medical Center - Montlake, Wing NN (UMNN)","https://maps.google.com/maps?q=47.6496160003,-122.307056&t=k&z=18","47.6496160003,-122.307056"
"UW Medical Center - Montlake, Wing NW (UMNW)","https://maps.google.com/maps?q=47.6498950002,-122.308155&t=k&z=18","47.6498950002,-122.308155"
"UW Medical Center - Montlake, Wing SA - Montlake Tower (UMSA)","https://maps.google.com/maps?q=47.648716,-122.307337&t=k&z=18","47.648716,-122.307337"
"UW Medical Center - Montlake, Wing SE (UMSE)","https://maps.google.com/maps?q=47.6489789998,-122.307528&t=k&z=18","47.6489789998,-122.307528"
"UW Medical Center - Montlake, Wing SS (UMSS)","https://maps.google.com/maps?q=47.649247,-122.307768&t=k&z=18","47.649247,-122.307768"
"UW Medical Center - Montlake, Wing SW (UMSW)","https://maps.google.com/maps?q=47.6494270002,-122.307879&t=k&z=18","47.6494270002,-122.307879"
UW Medicinal Herb Garden (MHG),"https://maps.google.com/maps?q=47.652273,-122.308297&t=k&z=18","47.652273,-122.308297"
UW Tower Building C (UWTC),"https://maps.google.com/maps?q=47.6603980003,-122.315136&t=k&z=18","47.6603980003,-122.315136"
UW Tower Building O (UWTO),"https://maps.google.com/maps?q=47.6609250001,-122.315119&t=k&z=18","47.6609250001,-122.315119"
UW Tower Building S (UWTS),"https://maps.google.com/maps?q=47.6602300001,-122.314666&t=k&z=18","47.6602300001,-122.314666"
UW Tower Building T (UWTT),"https://maps.google.com/maps?q=47.6607459998,-122.314655&t=k&z=18","47.6607459998,-122.314655"
UW Tower Complex (SFCO),"https://maps.google.com/maps?q=47.660546,-122.314916&t=k&z=18","47.660546,-122.314916"
UWMC - Triangle Garage,"http://maps.google.com/maps?q=47.649971,-122.306091","47.649971,-122.306091"
Washington Park Arboretum (LNDMK-8),https://map.uw.edu/?id=2099#!m/975453?s/,"47.639822131615,-122.2945125991"
Waterfront Activities Center (WAC),"https://maps.google.com/maps?q=47.6485789998,-122.299819&t=k&z=18","47.6485789998,-122.299819"
West Campus Utility Plant (WCUP),"https://maps.google.com/maps?q=47.6538100002,-122.313017&t=k&z=18","47.6538100002,-122.313017"
West Receiving Station (WRS),"https://maps.google.com/maps?q=47.653663,-122.312546&t=k&z=18","47.653663,-122.312546"
Wilcox Hall (WIL),"https://maps.google.com/maps?q=47.6518459999,-122.304558&t=k&z=18","47.6518459999,-122.304558"
William H. Foege Bioengineering (BIOE),"https://maps.google.com/maps?q=47.6524730002,-122.312586&t=k&z=18","47.6524730002,-122.312586"
William H. Foege Genome Sciences (GNOM),"https://maps.google.com/maps?q=47.6519189998,-122.313181&t=k&z=18","47.6519189998,-122.313181"
William H. Gates Hall (LAW),"https://maps.google.com/maps?q=47.6592280002,-122.310931&t=k&z=18","47.6592280002,-122.310931"
Wilson Annex (WLA),"https://maps.google.com/maps?q=47.6513799998,-122.305174&t=k&z=18","47.6513799998,-122.305174"
Wilson Ceramic Laboratory (WCL),"https://maps.google.com/maps?q=47.6516789998,-122.304847&t=k&z=18","47.6516789998,-122.304847"
Winkenwerder Forest Sciences Laboratory (WFS),"https://maps.google.com/maps?q=47.6514440001,-122.306858&t=k&z=18","47.6514440001,-122.306858"
